Wavelength,Value
400,1
443.8596491,1
543.2748538,0.951724138
663.1578947,0.917241379
870.7602339,0.620689655
1022.807018,0.531034483
1654.385965,0.144827586
3000,0.144827586